timestamp, frame, x, y, z, qx, qy, qz, qw
248630.569939083, 000000, 0.0, 0.0, 0.0, 0.7103584, -0.6931656, 0.08528535, 0.08740069
248630.58660725, 000001, 0.0, 0.0, 0.0, 0.7103584, -0.6931656, 0.08528535, 0.08740069
248630.603275375, 000002, 0.0, 0.0, 0.0, 0.7098486, -0.6937114, 0.08470337, 0.08777779
248630.6199435, 000003, 0.0, 0.0, 0.0, 0.7094142, -0.69423914, 0.08443637, 0.087373905
248630.636596625, 000004, 0.0, 0.0, 0.0, 0.709046, -0.6948034, 0.08457832, 0.08572325
248630.653264666, 000005, 0.0, 0.0, 0.0, 0.70925486, -0.6946582, 0.084804505, 0.08494507
248630.669932708, 000006, 0.0, 0.0, 0.0, 0.70933765, -0.6945531, 0.084969714, 0.08494881
248630.68660075, 000007, 0.0, 0.0, 0.0, 0.7091432, -0.69468176, 0.085359, 0.08512967
248630.703268875, 000008, 0.0, 0.0, 0.0, 0.7087717, -0.69504064, 0.085379295, 0.08527396
248630.719937083, 000009, 0.0, 0.0, 0.0, 0.7086086, -0.69522697, 0.08527284, 0.08521632
248630.736605375, 000010, 0.0, 0.0, 0.0, 0.70842785, -0.6954924, 0.084886074, 0.08493985
248630.753273208, 000011, 0.0, 0.0, 0.0, 0.7083606, -0.6956489, 0.08429422, 0.08480715
248630.786609541, 000012, 0.0, 0.0, 0.0, 0.7079227, -0.6961648, 0.08313396, 0.085374564
248630.803277583, 000013, 0.0, 0.0, 0.0, 0.70779175, -0.6963809, 0.08231107, 0.08549457
248630.819945708, 000014, 0.0, 0.0, 0.0, 0.7078647, -0.6963779, 0.08193272, 0.085278876
248630.836613916, 000015, 0.0, 0.0, 0.0, 0.7083497, -0.6961028, 0.08112772, 0.084260546
248630.853281875, 000016, 0.0, 0.0, 0.0, 0.709381, -0.6953557, 0.07987646, 0.08293904
248630.869950333, 000017, 0.0, 0.0, 0.0, 0.7101933, -0.6946865, 0.07937219, 0.08207492
248630.886618125, 000018, 0.0, 0.0, 0.0, 0.71240157, -0.69279575, 0.07876805, 0.07945868
248630.903286291, 000019, 0.0, 0.0, 0.0, 0.71475583, -0.6909281, 0.077120766, 0.076124586
248630.919954375, 000020, 0.0, 0.0, 0.0, 0.7156502, -0.69032323, 0.07610416, 0.07420752
248630.936622583, 000021, 0.0, 0.0, 0.0, 0.7167049, -0.68985325, 0.073561534, 0.07088968
248630.953290625, 000022, 0.0, 0.0, 0.0, 0.7169571, -0.6901073, 0.07050232, 0.06894806
248630.96995875, 000023, 0.0, 0.0, 0.0, 0.7169264, -0.690362, 0.06884026, 0.06839547
248630.986626833, 000024, 0.0, 0.0, 0.0, 0.716895, -0.6907865, 0.065766275, 0.067456655
248631.00329525, 000025, 0.0, 0.0, 0.0, 0.7170521, -0.690962, 0.06324619, 0.06639016
248631.019963166, 000026, 0.0, 0.0, 0.0, 0.7171108, -0.691046, 0.062122848, 0.06594191
248631.036631208, 000027, 0.0, 0.0, 0.0, 0.71698993, -0.6913771, 0.060332805, 0.06544598
248631.053299375, 000028, 0.0, 0.0, 0.0, 0.71659106, -0.6918934, 0.05909641, 0.065486185
248631.069967416, 000029, 0.0, 0.0, 0.0, 0.7162781, -0.6922279, 0.05871207, 0.065720506
248631.086635666, 000030, 0.0, 0.0, 0.0, 0.7153593, -0.6931252, 0.05810046, 0.066804126
248631.103303666, 000031, 0.0, 0.0, 0.0, 0.71428376, -0.69405013, 0.058073, 0.06870728
248631.119971833, 000032, 0.0, 0.0, 0.0, 0.7138424, -0.6943691, 0.0583148, 0.06985719
248631.136640208, 000033, 0.0, 0.0, 0.0, 0.71309066, -0.6948547, 0.059207212, 0.07192591
248631.153308125, 000034, 0.0, 0.0, 0.0, 0.71244293, -0.6952705, 0.06039356, 0.07332635
248631.169976166, 000035, 0.0, 0.0, 0.0, 0.71209943, -0.6955147, 0.060770188, 0.074031636
248631.186644291, 000036, 0.0, 0.0, 0.0, 0.711331, -0.6961072, 0.060926195, 0.07570313
248631.203312416, 000037, 0.0, 0.0, 0.0, 0.7105242, -0.6967898, 0.060460724, 0.077355534
248631.219980583, 000038, 0.0, 0.0, 0.0, 0.71014374, -0.6971336, 0.060172796, 0.07797364
248631.236648625, 000039, 1.8626451e-09, 0.0, 0.0, 0.7120366, -0.69531554, 0.058715392, 0.07805572
248631.25331675, 000040, 0.00017579645, -0.00013745949, -0.0013967375, 0.71186763, -0.6954292, 0.05880283, 0.07851726
248631.269985083, 000041, 0.00035585277, -0.00029271655, -0.0028888383, 0.71164495, -0.69557697, 0.058819525, 0.07921161
248631.286653125, 000042, 0.0005439129, -0.00045327377, -0.0044718967, 0.7113456, -0.69578284, 0.058863577, 0.08005446
248631.303321166, 000043, 0.0007164199, -0.0006049047, -0.0061272257, 0.7110946, -0.6959325, 0.05897323, 0.08089872
248631.319989166, 000044, 0.000848826, -0.00073767686, -0.007843804, 0.71096146, -0.69596463, 0.05896319, 0.08179517
248631.336657416, 000045, 0.017814456, 0.00066472124, -0.039269052, 0.710235, -0.6964834, 0.05469579, 0.08651838
248631.353325375, 000046, 0.023638764, 0.0011150325, -0.051090013, 0.71003246, -0.6966989, 0.053711504, 0.08706087
248631.369993875, 000047, 0.02591739, 0.0012679291, -0.056758266, 0.7098614, -0.6968163, 0.05319792, 0.087827586
248631.386661625, 000048, 0.02704298, 0.0013533081, -0.06047623, 0.70982724, -0.6967756, 0.05280569, 0.088659324
248631.403329791, 000049, 0.027784081, 0.0014561256, -0.06353464, 0.70989496, -0.6966717, 0.05242358, 0.0891591
248631.419998041, 000050, 0.028388398, 0.0015997807, -0.066333875, 0.7100041, -0.69658065, 0.051854752, 0.08933479
248631.436666083, 000051, 0.028927414, 0.0017542443, -0.06902328, 0.709825, -0.6966922, 0.05092915, 0.09041351
248631.453334166, 000052, 0.0294337, 0.0019369642, -0.07160775, 0.71003824, -0.6965629, 0.050076053, 0.09021164
248631.47000225, 000053, 0.03917249, -0.0021370472, -0.08548462, 0.7095211, -0.69697285, 0.04983371, 0.091242746
248631.486670333, 000054, 0.04301114, -0.0035067368, -0.09230096, 0.7096751, -0.6969104, 0.048988383, 0.09098016
248631.503338833, 000055, 0.044715498, -0.003938432, -0.09658237, 0.71001166, -0.69673616, 0.048118692, 0.0901485
248631.520006708, 000056, 0.045714553, -0.0041051093, -0.1000921, 0.71018636, -0.6966979, 0.047355212, 0.08947022
248631.536674791, 000057, 0.046360295, -0.004363104, -0.103180245, 0.7067653, -0.6999552, 0.051933296, 0.08859179
248631.553342833, 000058, 0.046903107, -0.004457059, -0.10647102, 0.7064991, -0.7001875, 0.051475096, 0.089144215
248631.570011, 000059, 0.053114187, -0.0081086075, -0.12591991, 0.70523506, -0.7010918, 0.053003784, 0.09112822
248631.586679083, 000060, 0.055417825, -0.009367447, -0.13493413, 0.7047712, -0.7014008, 0.05428336, 0.09158455
248631.603347375, 000061, 0.05636476, -0.009867881, -0.14053695, 0.7048162, -0.7012977, 0.055758916, 0.091139995
248631.620015291, 000062, 0.056817655, -0.010142043, -0.14496377, 0.7051643, -0.7009253, 0.057009086, 0.0905374
248631.636683625, 000063, 0.0602001, -0.011161469, -0.15475585, 0.70368916, -0.701898, 0.06077294, 0.09201897
248631.653351583, 000064, 0.061545935, -0.011581223, -0.16056567, 0.7035928, -0.7019779, 0.060817715, 0.092116386
248631.670019666, 000065, 0.06218837, -0.011822584, -0.16505341, 0.7035009, -0.70207286, 0.06062445, 0.09222123
248631.686687875, 000066, 0.062512845, -0.012010404, -0.16911583, 0.7036002, -0.7019767, 0.06055446, 0.09224175
248631.703355916, 000067, 0.06263441, -0.012180416, -0.17304741, 0.70398784, -0.7015912, 0.060625616, 0.09217086
248631.720024, 000068, 0.06262098, -0.012337591, -0.17693968, 0.7045365, -0.70104766, 0.060792774, 0.09200381
248631.736692416, 000069, 0.0625255, -0.012495617, -0.18074715, 0.70447314, -0.7007876, 0.062904045, 0.093045495
248631.753360333, 000070, 0.062420506, -0.012612597, -0.18458815, 0.7048557, -0.70046735, 0.06311733, 0.092413515
248631.770028625, 000071, 0.062590644, -0.011646964, -0.18696149, 0.7049932, -0.7003962, 0.063169815, 0.09186651
248631.786696583, 000072, 0.06253898, -0.011405271, -0.19032301, 0.7049826, -0.70044893, 0.063201465, 0.09152262
248631.803364541, 000073, 0.062381398, -0.011415114, -0.19401604, 0.7049063, -0.70054436, 0.063328475, 0.09129121
248631.82003275, 000074, 0.06213538, -0.011531526, -0.19782701, 0.7048869, -0.7005561, 0.06368919, 0.09110121
248631.836700875, 000075, 0.061697755, -0.009072138, -0.19579461, 0.70437324, -0.70085996, 0.06516202, 0.09169269
248631.853368916, 000076, 0.06128919, -0.0083938325, -0.19772668, 0.70429546, -0.70092916, 0.06539319, 0.091596335
248631.870037375, 000077, 0.060843665, -0.008295035, -0.2009271, 0.70422596, -0.70100826, 0.065624036, 0.091360316
248631.886705208, 000078, 0.06033975, -0.00839913, -0.20454973, 0.7041831, -0.70109147, 0.06586881, 0.090874135
248631.903373375, 000079, 0.059767265, -0.008590625, -0.20833376, 0.7042071, -0.70113987, 0.065958664, 0.09024781
248631.920041458, 000080, 0.05910575, -0.00884375, -0.2122366, 0.7042748, -0.70115227, 0.065778576, 0.08975397
248631.936709791, 000081, 0.05871583, -0.008892722, -0.21557327, 0.7050265, -0.7004821, 0.064966135, 0.08967651
248631.953377708, 000082, 0.057990294, -0.009187862, -0.21959278, 0.7049411, -0.70055115, 0.06483949, 0.089900255
248631.970045833, 000083, 0.05709239, -0.009593199, -0.22397766, 0.70481527, -0.70062953, 0.06500001, 0.09015869
248631.986713875, 000084, 0.056050062, -0.010074574, -0.22860155, 0.7047347, -0.7006571, 0.06525212, 0.0903927
248632.003382208, 000085, 0.05486295, -0.010620428, -0.23341665, 0.70479405, -0.700543, 0.06554229, 0.0906042
248632.020050125, 000086, 0.053539556, -0.011210717, -0.23840581, 0.70499754, -0.7002899, 0.06598908, 0.09065312
248632.036718291, 000087, 0.052900106, -0.010379457, -0.24202171, 0.7055718, -0.69967973, 0.06643426, 0.09057171
248632.053386375, 000088, 0.05166379, -0.010524476, -0.24680005, 0.705847, -0.69934857, 0.06690467, 0.09063874
248632.07005475, 000089, 0.050208297, -0.0109711485, -0.25202182, 0.7062393, -0.69891244, 0.06724471, 0.090694755
248632.086722625, 000090, 0.048684184, -0.011508467, -0.25745484, 0.70664114, -0.6985054, 0.067469865, 0.0905343
248632.103390791, 000091, 0.047147576, -0.012091892, -0.2630563, 0.70696807, -0.6981884, 0.06766818, 0.0902783
248632.120058833, 000092, 0.0456112, -0.01270526, -0.26885998, 0.7077994, -0.69749105, 0.067092516, 0.089581266
248632.136727208, 000093, 0.044049103, -0.013404858, -0.2748049, 0.70807433, -0.6971963, 0.067147315, 0.08966149
248632.153395083, 000094, 0.043120798, -0.012748414, -0.28172743, 0.70830685, -0.69698197, 0.066828966, 0.089729495
248632.170063416, 000095, 0.04172801, -0.01310247, -0.28825945, 0.7084443, -0.6969, 0.066392764, 0.089605644
248632.18673125, 000096, 0.040136185, -0.0138473045, -0.29482114, 0.7085549, -0.69683677, 0.06601225, 0.08950368
248632.203399666, 000097, 0.03841332, -0.014763297, -0.30152082, 0.70874286, -0.6967034, 0.06566254, 0.08931046
248632.220067541, 000098, 0.03658731, -0.015737068, -0.30835634, 0.70896554, -0.6966024, 0.06489638, 0.08889005
248632.236735625, 000099, 0.035443768, -0.014580989, -0.31620273, 0.7097097, -0.69619435, 0.06284582, 0.08761284
248632.253403708, 000100, 0.0336453, -0.014667721, -0.3238198, 0.7099592, -0.6960366, 0.061784703, 0.08759933
248632.270072166, 000101, 0.031567477, -0.014997273, -0.331636, 0.7101799, -0.6957574, 0.06210212, 0.08780311
248632.286740041, 000102, 0.029384043, -0.01523773, -0.339666, 0.71032023, -0.6954507, 0.063264616, 0.08826727
248632.303408375, 000103, 0.02719427, -0.015283492, -0.3477831, 0.71033126, -0.6952725, 0.06385896, 0.08914908
248632.320076291, 000104, 0.02503832, -0.015107062, -0.35590693, 0.71082336, -0.6948477, 0.06308947, 0.0890868
248632.336744583, 000105, 0.022895757, -0.014775865, -0.36398268, 0.7111389, -0.6945624, 0.06243268, 0.08925676
248632.3534125, 000106, 0.021083916, -0.01299139, -0.3734422, 0.711816, -0.69403005, 0.06173576, 0.088481404
248632.370080625, 000107, 0.019147547, -0.011953828, -0.38199285, 0.7125933, -0.6934628, 0.061125267, 0.08708498
248632.386748625, 000108, 0.017284846, -0.011107187, -0.39033985, 0.713202, -0.69303125, 0.060928132, 0.08566376
248632.40341675, 000109, 0.015610397, -0.010278275, -0.39866, 0.7133855, -0.6929875, 0.0612427, 0.084254116
248632.420084875, 000110, 0.014168424, -0.009413791, -0.40693718, 0.7129965, -0.69354475, 0.06137267, 0.08285506
248632.436753208, 000111, 0.013153236, -0.0074682296, -0.41702953, 0.71255046, -0.69427717, 0.060821522, 0.08094303
248632.453421208, 000112, 0.012107909, -0.0061942623, -0.4257783, 0.71183795, -0.6952164, 0.060313232, 0.079518944
248632.470089208, 000113, 0.011116914, -0.0051416536, -0.43408528, 0.71128917, -0.6959937, 0.05968045, 0.07809375
248632.486757416, 000114, 0.010197942, -0.0041768067, -0.4422745, 0.7108825, -0.69660985, 0.05893062, 0.07686248
248632.503425583, 000115, 0.009370849, -0.003268002, -0.45049703, 0.7104014, -0.6972482, 0.057934526, 0.07627814
248632.520093583, 000116, 0.0086252345, -0.0024179332, -0.45883638, 0.7097629, -0.69794524, 0.05695868, 0.07658284
248632.536761833, 000117, 0.007895639, -0.0005616131, -0.46832728, 0.70926833, -0.69846344, 0.05602907, 0.077123865
248632.553429875, 000118, 0.007151451, 0.0005342965, -0.47722346, 0.70890796, -0.69874245, 0.055858135, 0.078029
248632.570098166, 000119, 0.006380934, 0.0013425555, -0.48590803, 0.70900995, -0.69858027, 0.055925872, 0.07850349
248632.586766083, 000120, 0.00562098, 0.0020045023, -0.49448952, 0.7093489, -0.69822985, 0.05534677, 0.078967825
248632.603434208, 000121, 0.0049066516, 0.0025458182, -0.5030464, 0.70971936, -0.69785076, 0.053940933, 0.07995725
248632.620102375, 000122, 0.0042559667, 0.0029769847, -0.5116237, 0.71001863, -0.6975382, 0.052297927, 0.08111115
248632.636770458, 000123, 0.0038497406, 0.00361459, -0.52131224, 0.7103115, -0.69727236, 0.050484445, 0.081976525
248632.6534385, 000124, 0.0033561767, 0.0038976728, -0.53035206, 0.71044743, -0.6971304, 0.048390415, 0.08325865
248632.670106708, 000125, 0.00285753, 0.0039651874, -0.5392653, 0.7104857, -0.6970557, 0.046108168, 0.08483784
248632.686774791, 000126, 0.0023783334, 0.0038648634, -0.5482214, 0.71039873, -0.6970929, 0.043952025, 0.08639077
248632.703443041, 000127, 0.0019050142, 0.003606618, -0.5572882, 0.71023566, -0.6971981, 0.04216045, 0.08776431
248632.720110958, 000128, 0.0014150441, 0.0031763157, -0.5665141, 0.7100727, -0.69724125, 0.040820662, 0.089359514
248632.736779125, 000129, 0.00070171244, 0.0029923893, -0.57640386, 0.70983195, -0.6972607, 0.039919876, 0.09150189
248632.75344725, 000130, 0.0001597181, 0.002343297, -0.586058, 0.70947576, -0.69734806, 0.039001253, 0.09396178
248632.770115333, 000131, -0.0002700125, 0.0014237483, -0.59566253, 0.7089428, -0.6975912, 0.037937358, 0.09657814
248632.786783416, 000132, -0.0006215349, 0.00029841345, -0.60527784, 0.70836866, -0.69784445, 0.036726438, 0.09938854
248632.803451541, 000133, -0.0009046841, -0.0009978754, -0.61492544, 0.7078122, -0.69801635, 0.035158116, 0.10265955
248632.820119666, 000134, -0.0010874663, -0.002424274, -0.6246029, 0.70736486, -0.69804627, 0.03295878, 0.106207535
248632.836788041, 000135, -0.0011476582, -0.003955804, -0.6342789, 0.7067342, -0.698185, 0.030585047, 0.11013211
248632.853455875, 000136, -0.0017719982, -0.00393638, -0.64575446, 0.7061793, -0.6982548, 0.028124552, 0.11384162
248632.870123958, 000137, -0.0018294087, -0.0050361473, -0.6560293, 0.7056881, -0.6982801, 0.025714347, 0.11725154
248632.886792125, 000138, -0.0016304991, -0.0065093017, -0.6659401, 0.7052741, -0.69821006, 0.023104455, 0.12065359
248632.90346025, 000139, -0.0012688773, -0.008094559, -0.6757517, 0.70488393, -0.6980805, 0.02021056, 0.12415223
248632.920128333, 000140, -0.0007695207, -0.009686499, -0.6855543, 0.7045054, -0.69789505, 0.017202618, 0.12774463
248632.936796458, 000141, -0.0011746679, -0.009317486, -0.6987565, 0.7046783, -0.6972714, 0.013795163, 0.13057849
248632.9534645, 000142, -0.0007688837, -0.0101343235, -0.7096271, 0.7044304, -0.69696575, 0.011208483, 0.13375688
248632.970132833, 000143, -2.3469329e-07, -0.011230225, -0.7196687, 0.7042338, -0.69659877, 0.008056165, 0.13689426
248632.986800833, 000144, 0.0009784953, -0.01230731, -0.7293618, 0.7039947, -0.6961679, 0.00389717, 0.14045152
248633.003468916, 000145, 0.0020854115, -0.013238027, -0.7389243, 0.7036021, -0.6957185, -0.0012620311, 0.14463158
248633.020137, 000146, 0.0032305582, -0.013927306, -0.74855775, 0.70362496, -0.69481885, -0.007942455, 0.1485785
248633.036805125, 000147, 0.0043012463, -0.014388436, -0.75831205, 0.7033001, -0.69391936, -0.013164293, 0.15385576
248633.053473125, 000148, 0.004751156, -0.012969543, -0.770649, 0.703472, -0.69245005, -0.0172144, 0.15919666
248633.0701415, 000149, 0.005432177, -0.012372491, -0.78150094, 0.70418394, -0.6905102, -0.020006051, 0.16407424
248633.086809416, 000150, 0.0062773596, -0.011918497, -0.7918348, 0.70506316, -0.68850833, -0.022250677, 0.16836636
248633.103477541, 000151, 0.0073284353, -0.011453166, -0.8019186, 0.70568067, -0.6867761, -0.024847247, 0.17244107
248633.12014575, 000152, 0.008570461, -0.010948747, -0.81187326, 0.70652515, -0.68496597, -0.02856606, 0.17557864
248633.136813791, 000153, 0.00993397, -0.010478376, -0.8216828, 0.70659876, -0.68369776, -0.03139705, 0.17969334
248633.153481833, 000154, 0.011906363, -0.009469371, -0.8321582, 0.70644826, -0.68274075, -0.033605326, 0.18348435
248633.170149958, 000155, 0.013562974, -0.008834545, -0.84198755, 0.7061301, -0.68192667, -0.035570018, 0.18732585
248633.186818, 000156, 0.015074116, -0.008319438, -0.85146755, 0.7058502, -0.6810932, -0.03753214, 0.19099425
248633.203486375, 000157, 0.016476046, -0.007842338, -0.86065173, 0.70576537, -0.6800876, -0.040003907, 0.19436003
248633.220154333, 000158, 0.017795848, -0.007373086, -0.8695704, 0.70590127, -0.67891115, -0.04299047, 0.19731914
248633.2368225, 000159, 0.019097421, -0.0068640406, -0.8775406, 0.7066156, -0.6774052, -0.046467096, 0.1991419
248633.2534905, 000160, 0.020262744, -0.0063653397, -0.8858695, 0.7069584, -0.67614925, -0.049440045, 0.20146392
248633.270158666, 000161, 0.021305142, -0.0058695655, -0.89424706, 0.70732373, -0.67490864, -0.051993452, 0.20368624
248633.286826708, 000162, 0.022241168, -0.0054044486, -0.902558, 0.7075436, -0.67374355, -0.054534547, 0.20610124
248633.303495, 000163, 0.023073116, -0.0049960776, -0.91073346, 0.70758164, -0.6726697, -0.0574042, 0.2086825
248633.320162875, 000164, 0.023767676, -0.0046646246, -0.9187558, 0.70757055, -0.6716593, -0.06047114, 0.21109463
248633.336831208, 000165, 0.023750704, -0.004188334, -0.9260488, 0.7079758, -0.67039126, -0.063431695, 0.21289033
248633.353499083, 000166, 0.023886317, -0.0039445646, -0.93363434, 0.70818794, -0.66943693, -0.06551258, 0.21455085
248633.370167333, 000167, 0.023933278, -0.0038237278, -0.9412463, 0.7083381, -0.66849387, -0.067404695, 0.21640146
248633.386835333, 000168, 0.023819316, -0.003793783, -0.948782, 0.7083284, -0.66754115, -0.069396466, 0.21873243
248633.403503458, 000169, 0.023528986, -0.0038332785, -0.9561858, 0.7082202, -0.66664976, -0.07139354, 0.22114523
248633.420171541, 000170, 0.023070997, -0.0039377315, -0.9634292, 0.7081408, -0.665797, -0.07331989, 0.22332726
248633.436839916, 000171, 0.022075346, -0.0043242453, -0.96859884, 0.7082267, -0.66484135, -0.07567301, 0.22510985
248633.453507833, 000172, 0.021167131, -0.004629957, -0.9749066, 0.7080789, -0.664127, -0.077902466, 0.22691557
248633.470176166, 000173, 0.020142104, -0.004972542, -0.9815376, 0.7079354, -0.66334933, -0.080076404, 0.22887339
248633.486843916, 000174, 0.018939001, -0.005382655, -0.98822767, 0.70783204, -0.6624892, -0.08203123, 0.23098205
248633.503512166, 000175, 0.017561149, -0.00585693, -0.9948733, 0.7076923, -0.66166747, -0.08387806, 0.23309295
248633.520180166, 000176, 0.016013158, -0.006386537, -1.0014489, 0.707438, -0.6608936, -0.0857225, 0.23537791
248633.536848333, 000177, 0.013758724, -0.006902256, -1.0041851, 0.7072213, -0.6599061, -0.08810454, 0.23790662
248633.553516416, 000178, 0.011679027, -0.007500553, -1.0093557, 0.7067136, -0.65912706, -0.090331785, 0.24072322
248633.570184791, 000179, 0.009509206, -0.008147966, -1.0152655, 0.7061334, -0.65839994, -0.092616, 0.24353096
248633.586852708, 000180, 0.0071581965, -0.0088414615, -1.0213828, 0.70565224, -0.65767187, -0.09464189, 0.2461005
248633.603520791, 000181, 0.0046114866, -0.009574719, -1.0275418, 0.7052378, -0.6569742, -0.096420765, 0.2484505
248633.620188875, 000182, 0.001887, -0.010348325, -1.0336872, 0.7047299, -0.6563587, -0.09821399, 0.25080436
248633.63685725, 000183, -0.0010196213, -0.011158217, -1.0398232, 0.7042081, -0.65559644, -0.10046571, 0.2533596
248633.653525125, 000184, -0.0041804146, -0.012049574, -1.0457178, 0.70344585, -0.65499324, -0.10268877, 0.25613058
248633.67019325, 000185, -0.0082617365, -0.0131680835, -1.0479795, 0.7028451, -0.6542237, -0.104846805, 0.2588578
248633.686861291, 000186, -0.012056993, -0.01422849, -1.0527874, 0.7025171, -0.6533421, -0.10671158, 0.26120177
248633.703529625, 000187, -0.015841508, -0.015299579, -1.0583714, 0.70232785, -0.65249765, -0.10854846, 0.26305845
248633.7201975, 000188, -0.019703636, -0.016412087, -1.0641979, 0.7021183, -0.6515342, -0.11073016, 0.26508865
248633.736865625, 000189, -0.024453092, -0.017812822, -1.0662715, 0.7020285, -0.65026087, -0.113394804, 0.267317
248633.75353375, 000190, -0.02880572, -0.01908145, -1.0709144, 0.70187104, -0.64916056, -0.11590009, 0.2693227
248633.770202083, 000191, -0.03309645, -0.020305483, -1.0763445, 0.7018889, -0.6481081, -0.11832645, 0.27075192
248633.78687, 000192, -0.03743224, -0.021495888, -1.0820136, 0.70190865, -0.64710677, -0.1209469, 0.27193567
248633.803538041, 000193, -0.04184393, -0.022643909, -1.0877868, 0.70177704, -0.64613587, -0.1237829, 0.27330422
248633.820206166, 000194, -0.04634612, -0.023733255, -1.0936372, 0.70142764, -0.64521915, -0.1267345, 0.27500892
248633.836874416, 000195, -0.050957277, -0.024746817, -1.0995513, 0.7010058, -0.64426225, -0.12972882, 0.27692533
248633.853542291, 000196, -0.05581259, -0.025728058, -1.10534, 0.7006474, -0.64342695, -0.13244936, 0.27848166
248633.87021075, 000197, -0.06188108, -0.02700983, -1.1097512, 0.7005151, -0.6424787, -0.13506152, 0.27974635
248633.886878541, 000198, -0.06723286, -0.027851354, -1.1151588, 0.70044595, -0.6414229, -0.1378882, 0.28096083
248633.903546875, 000199, -0.07234503, -0.028444357, -1.1208304, 0.70056295, -0.6403514, -0.14090489, 0.28161594
248633.920214791, 000200, -0.07733953, -0.028847001, -1.1265118, 0.70092726, -0.6393588, -0.14425671, 0.28126717
248633.936882958, 000201, -0.08312497, -0.029816192, -1.1313331, 0.70156837, -0.63825417, -0.14813112, 0.2801616
248633.953550958, 000202, -0.088319704, -0.030164853, -1.1367432, 0.70206827, -0.6372552, -0.15227318, 0.27896008
248633.97021925, 000203, -0.09338132, -0.030259784, -1.1425363, 0.70219606, -0.63626546, -0.15593012, 0.27887776
248633.986887166, 000204, -0.098495275, -0.030237336, -1.1486706, 0.701999, -0.635241, -0.15829012, 0.28037578
248634.003555583, 000205, -0.10375412, -0.030115, -1.1550117, 0.7017452, -0.6340551, -0.15954524, 0.2829721
248634.020223375, 000206, -0.109179646, -0.02990285, -1.1613995, 0.7015297, -0.6326998, -0.16025025, 0.28612405
248634.03689175, 000207, -0.11475062, -0.029625952, -1.1676915, 0.70181465, -0.6312149, -0.16029969, 0.2886656
248634.053559625, 000208, -0.12133154, -0.03022689, -1.1732084, 0.7027377, -0.6295442, -0.159999, 0.29023132
248634.070227708, 000209, -0.12727387, -0.030196957, -1.178835, 0.7038716, -0.6278237, -0.16004746, 0.29118225
248634.086895791, 000210, -0.13287564, -0.029946882, -1.1843837, 0.7046454, -0.6263106, -0.16092573, 0.2920836
248634.103563958, 000211, -0.13823007, -0.02958662, -1.1898445, 0.70483017, -0.6251295, -0.16244012, 0.29332694
248634.120232041, 000212, -0.14340325, -0.029136498, -1.1952466, 0.70438224, -0.62425864, -0.16449377, 0.29510793
248634.136900375, 000213, -0.14842173, -0.028604643, -1.2005688, 0.7037318, -0.62350005, -0.16657099, 0.29709125
248634.153568333, 000214, -0.15328538, -0.028619282, -1.2047654, 0.70309585, -0.62285936, -0.16867375, 0.29875028
248634.170236375, 000215, -0.15801328, -0.02819626, -1.2095636, 0.70243615, -0.6222505, -0.17066655, 0.30043423
248634.1869045, 000216, -0.16264062, -0.027650189, -1.2146037, 0.7014729, -0.6215937, -0.17271835, 0.30286205
248634.203572541, 000217, -0.16722295, -0.027095549, -1.219795, 0.70020604, -0.62090385, -0.17458843, 0.30611897
248634.220240708, 000218, -0.17182893, -0.026581828, -1.2250592, 0.6990638, -0.62018955, -0.17589305, 0.30941305
248634.236908791, 000219, -0.17646593, -0.026119437, -1.2302787, 0.6984956, -0.6193047, -0.17646469, 0.3121311
248634.253576833, 000220, -0.18155019, -0.02657064, -1.2346559, 0.6983108, -0.6183582, -0.1770461, 0.31408566
248634.27024525, 000221, -0.18629256, -0.026477352, -1.2394096, 0.69816107, -0.61743945, -0.17768092, 0.31586248
248634.286913125, 000222, -0.19085434, -0.026245192, -1.2442664, 0.69767034, -0.6166169, -0.17859189, 0.31803244
248634.30358125, 000223, -0.19526532, -0.026010372, -1.2491392, 0.69667655, -0.615939, -0.18000446, 0.3207167
248634.320249333, 000224, -0.19954892, -0.025820095, -1.2539647, 0.6954235, -0.6155154, -0.18173957, 0.32326105
248634.336917375, 000225, -0.20403205, -0.026111163, -1.2581832, 0.6943148, -0.61515445, -0.18388478, 0.32511273
248634.353585541, 000226, -0.20836505, -0.02619753, -1.2626907, 0.6933464, -0.6147068, -0.18585758, 0.32689962
248634.370253625, 000227, -0.21270365, -0.026286308, -1.2673438, 0.69232446, -0.6141959, -0.18762109, 0.32901147
248634.38692175, 000228, -0.21711381, -0.026446937, -1.272082, 0.691295, -0.6136247, -0.18905629, 0.33141142
248634.40359, 000229, -0.22162215, -0.026696559, -1.2768257, 0.6904823, -0.6129657, -0.19028813, 0.33361313
248634.420257958, 000230, -0.22621846, -0.027033871, -1.2815362, 0.6899347, -0.61226887, -0.19149365, 0.33533132
248634.436926083, 000231, -0.23090431, -0.02745004, -1.2862527, 0.6895573, -0.61145604, -0.19275996, 0.33686188
248634.453594083, 000232, -0.23566732, -0.027968962, -1.2910062, 0.68915606, -0.6105969, -0.1936718, 0.3387132
248634.470262208, 000233, -0.24103533, -0.028824482, -1.297059, 0.68866557, -0.60963744, -0.19457455, 0.34091434
248634.486930375, 000234, -0.24605194, -0.029626887, -1.3022817, 0.68808615, -0.60861295, -0.19587289, 0.34316397
248634.503598541, 000235, -0.25095335, -0.030476034, -1.307262, 0.68749994, -0.60759795, -0.19750892, 0.34519386
248634.5202665, 000236, -0.25583944, -0.031404343, -1.312243, 0.68692356, -0.60672855, -0.1990238, 0.34699568
248634.53693475, 000237, -0.26160136, -0.032738216, -1.3165014, 0.68651384, -0.6057352, -0.20040868, 0.34874067
248634.55360275, 000238, -0.26688805, -0.03398204, -1.3214538, 0.685967, -0.60475963, -0.20126513, 0.3510091
248634.570270791, 000239, -0.2720446, -0.03526209, -1.3266889, 0.6854082, -0.60379356, -0.20207468, 0.35329142
248634.586938875, 000240, -0.27717248, -0.036610164, -1.332067, 0.684793, -0.60288084, -0.20311555, 0.35543948
248634.603607041, 000241, -0.28233442, -0.038034447, -1.3375804, 0.68425584, -0.60199845, -0.20404555, 0.3574314
248634.620275125, 000242, -0.2875684, -0.03953437, -1.3432707, 0.6838757, -0.60114217, -0.2043569, 0.35941666
248634.636943166, 000243, -0.29287317, -0.041103613, -1.3491627, 0.68347776, -0.6002045, -0.2043458, 0.3617395
248634.653611291, 000244, -0.2982063, -0.042766783, -1.3552127, 0.6827208, -0.59939677, -0.20376721, 0.3648215
248634.670279666, 000245, -0.30353567, -0.04450141, -1.3613374, 0.68171567, -0.59856355, -0.20334838, 0.3682863
248634.686947625, 000246, -0.308885, -0.046289526, -1.3674588, 0.6808048, -0.5975349, -0.20319, 0.37171322
248634.703615625, 000247, -0.31426942, -0.048111368, -1.3735523, 0.68022126, -0.5963373, -0.2031194, 0.3747311
248634.72028375, 000248, -0.31968042, -0.049939923, -1.3796436, 0.67981964, -0.5950308, -0.20321499, 0.3774749
248634.736951833, 000249, -0.3251101, -0.051730003, -1.3857476, 0.67946017, -0.5936378, -0.20364574, 0.38007432
248634.753619916, 000250, -0.3305515, -0.053423177, -1.3918433, 0.6791151, -0.592244, -0.20462474, 0.38233286
248634.77028825, 000251, -0.33599, -0.05497931, -1.3979118, 0.67879796, -0.59079826, -0.20626001, 0.3842492
248634.786956083, 000252, -0.341425, -0.05635838, -1.4040014, 0.67827463, -0.5894396, -0.20858105, 0.38600326
248634.80362425, 000253, -0.3468689, -0.057532515, -1.4101554, 0.67743033, -0.58822715, -0.21139869, 0.38779822
248634.820292333, 000254, -0.3523742, -0.058478985, -1.4164121, 0.6764192, -0.5872128, -0.21419615, 0.3895615
248634.836960416, 000255, -0.36045244, -0.058134634, -1.4229282, 0.6755242, -0.5863029, -0.21637985, 0.39127448
248634.8536285, 000256, -0.366994, -0.058254134, -1.4293721, 0.6747039, -0.58542293, -0.21837041, 0.39289826
248634.870296666, 000257, -0.37305096, -0.058383342, -1.4357579, 0.6739708, -0.58472484, -0.22052379, 0.39399156
248634.88696475, 000258, -0.3789628, -0.05842935, -1.4421091, 0.6732442, -0.58424926, -0.22297041, 0.39456213
248634.903633083, 000259, -0.38487408, -0.05843815, -1.4484987, 0.6726569, -0.58369, -0.22528459, 0.39507678
248634.920300958, 000260, -0.39081064, -0.05844086, -1.4549749, 0.6722146, -0.5831022, -0.22711979, 0.3956462
248634.936968958, 000261, -0.39677098, -0.058436964, -1.4615588, 0.67149603, -0.5825923, -0.22898008, 0.3965445
248634.953637041, 000262, -0.40277067, -0.058386575, -1.4682549, 0.67058396, -0.58197844, -0.23061717, 0.39803782
248634.970305208, 000263, -0.40884617, -0.05828337, -1.4750588, 0.6695301, -0.58141124, -0.23162258, 0.40005174
248634.986973375, 000264, -0.4150403, -0.058119018, -1.481933, 0.6686114, -0.5806923, -0.23169014, 0.40258533
248635.003641625, 000265, -0.42129132, -0.057899352, -1.4887633, 0.66798604, -0.5797262, -0.23122029, 0.40527683
248635.020309416, 000266, -0.42748207, -0.057624158, -1.4954319, 0.66752344, -0.5787343, -0.2308653, 0.40765202
248635.036977916, 000267, -0.43354648, -0.05730516, -1.5018777, 0.6671529, -0.5777495, -0.23093158, 0.4096134
248635.05364575, 000268, -0.43947145, -0.056951467, -1.5080582, 0.66684324, -0.5766194, -0.23152931, 0.41136873
248635.070313875, 000269, -0.44525397, -0.05656631, -1.5139928, 0.66647184, -0.57539487, -0.232873, 0.41292393
248635.086981916, 000270, -0.45089665, -0.05615745, -1.5196851, 0.66585964, -0.5742641, -0.23517336, 0.41418016
248635.103650041, 000271, -0.45646143, -0.05575188, -1.5251832, 0.6651137, -0.573305, -0.23803462, 0.41507187
248635.120318041, 000272, -0.4620494, -0.055377346, -1.530566, 0.66431516, -0.57255447, -0.24076386, 0.4158119
248635.136986416, 000273, -0.46774504, -0.05504906, -1.5358795, 0.6636245, -0.57190007, -0.24277407, 0.41664565
248635.153654291, 000274, -0.47383505, -0.05444082, -1.5403293, 0.6631478, -0.57113343, -0.2440302, 0.41772103
248635.170322541, 000275, -0.48111382, -0.052540038, -1.5414453, 0.66268307, -0.5702072, -0.24490279, 0.4192106
248635.1869905, 000276, -0.48762068, -0.051834684, -1.5450922, 0.6619657, -0.5692496, -0.2456923, 0.42117873
248635.203658541, 000277, -0.49388534, -0.05156327, -1.5494485, 0.66127837, -0.56856215, -0.24609566, 0.42294788
248635.220326666, 000278, -0.5000904, -0.051485345, -1.553894, 0.6609597, -0.5679746, -0.24613008, 0.42421344
248635.236994791, 000279, -0.50626, -0.051544223, -1.5582142, 0.6607561, -0.56738794, -0.24611653, 0.42532232
248635.253662833, 000280, -0.5123695, -0.051685542, -1.5624009, 0.660825, -0.56632274, -0.24639654, 0.42647126
248635.270331208, 000281, -0.5183882, -0.05190558, -1.5664518, 0.66077083, -0.5652454, -0.2470148, 0.42762515
248635.286999125, 000282, -0.5243318, -0.0522034, -1.5703827, 0.6605492, -0.5642069, -0.2479652, 0.42878735
248635.303667291, 000283, -0.53024685, -0.052584637, -1.5742052, 0.660359, -0.56317, -0.24891505, 0.42989147
248635.320335208, 000284, -0.5361826, -0.0530381, -1.577916, 0.6603475, -0.5620698, -0.2497374, 0.43087107
248635.337003625, 000285, -0.5421529, -0.053560548, -1.581514, 0.66052, -0.56087875, -0.2504077, 0.43176872
248635.353671458, 000286, -0.5497304, -0.054955237, -1.5831169, 0.66067684, -0.55964184, -0.25119027, 0.4326783
248635.370339541, 000287, -0.5563013, -0.055842306, -1.5858827, 0.66064477, -0.5584212, -0.25207004, 0.4337914
248635.387007666, 000288, -0.56259495, -0.056599062, -1.5889652, 0.6605379, -0.55719584, -0.2527995, 0.4351034
248635.403675958, 000289, -0.56883454, -0.057343293, -1.592106, 0.6602683, -0.55600506, -0.25343084, 0.43666574
248635.42034375, 000290, -0.57508934, -0.058114078, -1.5952146, 0.6597286, -0.5549325, -0.2541402, 0.43843007
248635.437011916, 000291, -0.5817771, -0.059061382, -1.5976024, 0.65902454, -0.55383015, -0.25522342, 0.44024983
248635.45368, 000292, -0.58836186, -0.059966918, -1.600327, 0.6585457, -0.55278146, -0.25604814, 0.44180265
248635.470348458, 000293, -0.5950105, -0.060893778, -1.6031183, 0.65832657, -0.55199945, -0.25640827, 0.4428966
248635.487016208, 000294, -0.60175604, -0.06184261, -1.6058812, 0.65827703, -0.55141747, -0.25648642, 0.44364956
248635.503684291, 000295, -0.6085857, -0.06281276, -1.6085688, 0.65819585, -0.5509052, -0.25659293, 0.444344
248635.520352375, 000296, -0.61546695, -0.06378748, -1.6111655, 0.6580878, -0.5504762, -0.25685182, 0.44488594
248635.537020708, 000297, -0.6223679, -0.06476516, -1.6136688, 0.6578957, -0.5502455, -0.25732845, 0.44518006
248635.553688583, 000298, -0.6305992, -0.06592171, -1.6160313, 0.6577181, -0.55011654, -0.25789288, 0.4452752
248635.570356791, 000299, -0.63800836, -0.06696545, -1.6184229, 0.65733343, -0.55017066, -0.25855628, 0.4453914
248635.587024833, 000300, -0.64517975, -0.06796565, -1.620811, 0.6567434, -0.5503298, -0.2592873, 0.44564033
248635.603693083, 000301, -0.6522981, -0.06894552, -1.6231761, 0.6560915, -0.5506588, -0.259875, 0.44585177
248635.620361041, 000302, -0.65943027, -0.069920704, -1.6255153, 0.6553229, -0.5510896, -0.26057565, 0.44604084
248635.637029125, 000303, -0.6666268, -0.07090374, -1.6278276, 0.6542201, -0.5515147, -0.26148215, 0.44660354
248635.653697125, 000304, -0.67459595, -0.07277793, -1.6301284, 0.6527966, -0.5516571, -0.26275533, 0.44776195
248635.670365458, 000305, -0.6823199, -0.07406232, -1.6324099, 0.6513922, -0.5515684, -0.2639604, 0.44920543
248635.687033291, 000306, -0.690096, -0.07514258, -1.6346602, 0.6502254, -0.5513487, -0.26487118, 0.45062724
248635.703701708, 000307, -0.69798285, -0.07611376, -1.636862, 0.64932495, -0.5511403, -0.26555702, 0.45177528
248635.720369541, 000308, -0.7059494, -0.07697277, -1.6390196, 0.64860845, -0.5510934, -0.2660324, 0.45258135
248635.737037958, 000309, -0.7143635, -0.078796566, -1.6409167, 0.6479003, -0.5511212, -0.26661718, 0.45321727
248635.753705791, 000310, -0.722492, -0.079741225, -1.6429061, 0.6472137, -0.55127245, -0.26724106, 0.4536467
248635.770373833, 000311, -0.7304707, -0.08029707, -1.6448908, 0.64657134, -0.55158776, -0.26807305, 0.4536887
248635.787041875, 000312, -0.73830736, -0.0806117, -1.6468344, 0.6459426, -0.5521669, -0.26933938, 0.4531293
248635.80371, 000313, -0.74606764, -0.080713354, -1.6487402, 0.6452436, -0.5529738, -0.27134767, 0.4519413
248635.820378083, 000314, -0.75393766, -0.080620915, -1.6507068, 0.6445361, -0.55357134, -0.27363533, 0.45083892
248635.837046416, 000315, -0.7620382, -0.080386676, -1.6528338, 0.6440526, -0.5536476, -0.27484807, 0.45069838
248635.853714375, 000316, -0.7701499, -0.080541074, -1.6536622, 0.6436964, -0.55349714, -0.27513275, 0.4512181
248635.870382416, 000317, -0.77853984, -0.08014213, -1.655517, 0.64312464, -0.5534612, -0.2752335, 0.45201546
248635.8870505, 000318, -0.78708446, -0.07949762, -1.6576754, 0.64262396, -0.5535482, -0.2751809, 0.45265257
248635.903718541, 000319, -0.7957515, -0.07874232, -1.6598672, 0.6426467, -0.55346805, -0.27486974, 0.4529074
248635.920386625, 000320, -0.80443543, -0.07790827, -1.6619778, 0.64336455, -0.5533199, -0.27450377, 0.45229065
248635.937054875, 000321, -0.81299496, -0.076984495, -1.6640118, 0.64424133, -0.5535378, -0.2745666, 0.45073503
248635.970391208, 000322, -0.8290105, -0.074907355, -1.666915, 0.6452842, -0.55476767, -0.2748896, 0.44752294
248635.987059041, 000323, -0.8369845, -0.07374564, -1.668775, 0.64535534, -0.5556049, -0.27455786, 0.4465845
248636.003727166, 000324, -0.8448437, -0.07251008, -1.670858, 0.64521337, -0.55673885, -0.27382585, 0.44582632
248636.02039525, 000325, -0.8524708, -0.071230546, -1.6729584, 0.6448267, -0.5579657, -0.27330312, 0.44517228
248636.03706325, 000326, -0.8598715, -0.06996365, -1.6749741, 0.6441368, -0.5589622, -0.2736208, 0.4447253
248636.053731375, 000327, -0.8663188, -0.06975757, -1.6754438, 0.6434757, -0.5596015, -0.27448744, 0.4443442
248636.070399583, 000328, -0.87327784, -0.06895957, -1.6768115, 0.64285487, -0.55984324, -0.27533513, 0.44441408
248636.087067625, 000329, -0.8804384, -0.06801762, -1.6784575, 0.6422775, -0.55955774, -0.27598503, 0.4452044
248636.103735958, 000330, -0.8876605, -0.0670387, -1.6801581, 0.6417416, -0.55894524, -0.2764934, 0.44642964
248636.120403833, 000331, -0.8948359, -0.06602504, -1.6817955, 0.64144015, -0.5583304, -0.27692738, 0.44736236
248636.137071875, 000332, -0.9017108, -0.06603872, -1.6828636, 0.641537, -0.5577093, -0.27754956, 0.44761238
248636.153739958, 000333, -0.90856254, -0.06533655, -1.6840736, 0.64178604, -0.55684865, -0.27871138, 0.44760484
248636.170408125, 000334, -0.9152712, -0.06441111, -1.6852745, 0.6419942, -0.5560529, -0.28043813, 0.44721705
248636.187076166, 000335, -0.9218507, -0.063447736, -1.686476, 0.64201945, -0.5554139, -0.2824829, 0.44668773
248636.203744208, 000336, -0.9283843, -0.06253428, -1.6877234, 0.6417764, -0.5546676, -0.2847089, 0.446551
248636.22041225, 000337, -0.93491566, -0.061718408, -1.6890482, 0.64133877, -0.5538709, -0.2869858, 0.44671085
248636.237080583, 000338, -0.9414496, -0.061015744, -1.6904422, 0.6409897, -0.5532316, -0.28899935, 0.44670612
248636.253748541, 000339, -0.9486164, -0.060334895, -1.691388, 0.6408109, -0.5527769, -0.29081059, 0.44635007
248636.2704165, 000340, -0.9554445, -0.059873518, -1.69281, 0.64051104, -0.5522936, -0.29249865, 0.44627568
248636.287084708, 000341, -0.96222705, -0.059586007, -1.6944933, 0.6401636, -0.55166507, -0.29380912, 0.4466905
248636.303752791, 000342, -0.96903294, -0.05943976, -1.6963375, 0.63983613, -0.55092484, -0.29482734, 0.4474019
248636.320420791, 000343, -0.97585946, -0.059412327, -1.6982782, 0.63954306, -0.5500817, -0.29591417, 0.44814003
248636.337088958, 000344, -0.98268116, -0.0595011, -1.7002914, 0.63914746, -0.54916716, -0.29711574, 0.4490303
248636.353756916, 000345, -0.990784, -0.05962057, -1.7022941, 0.6386547, -0.5482536, -0.2984159, 0.44998452
248636.370425375, 000346, -0.9980383, -0.059883993, -1.7044586, 0.6380741, -0.5474174, -0.29986352, 0.45086297
248636.387093333, 000347, -1.0050495, -0.060250383, -1.7067256, 0.6374874, -0.5464956, -0.30147198, 0.4517377
248636.403761291, 000348, -1.0119996, -0.06069423, -1.7090802, 0.63689625, -0.54552174, -0.30326915, 0.45254484
248636.420429375, 000349, -1.0189514, -0.061188716, -1.7115408, 0.6363243, -0.5445836, -0.30527598, 0.4531298
248636.437097458, 000350, -1.025943, -0.06173447, -1.7141187, 0.6357293, -0.54366416, -0.3071348, 0.45381233
248636.453765625, 000351, -1.0353094, -0.06182869, -1.7170252, 0.6351102, -0.5425359, -0.3089271, 0.45481193
248636.470433875, 000352, -1.0432268, -0.062261123, -1.7199377, 0.6342988, -0.54139274, -0.31089392, 0.45596474
248636.487101708, 000353, -1.0507019, -0.06278541, -1.7229252, 0.633308, -0.5402714, -0.31310615, 0.45715666
248636.503769875, 000354, -1.0580549, -0.063321374, -1.7259997, 0.6323164, -0.5392338, -0.3153947, 0.45818013
248636.520437916, 000355, -1.0654073, -0.063842714, -1.7291726, 0.631393, -0.5381593, -0.3178491, 0.4590199
248636.537106, 000356, -1.0728201, -0.064352505, -1.7324558, 0.6303217, -0.5369858, -0.32024187, 0.46020222
248636.553774, 000357, -1.0816396, -0.064727806, -1.735368, 0.62912405, -0.5356847, -0.3225675, 0.46173057
248636.570442208, 000358, -1.0896575, -0.065131634, -1.7386676, 0.6278313, -0.53436613, -0.32492223, 0.46336406
248636.58711025, 000359, -1.0974565, -0.0655095, -1.7421039, 0.6265489, -0.532976, -0.3273604, 0.46498212
248636.603778666, 000360, -1.1051863, -0.0658351, -1.7455705, 0.62522125, -0.5315429, -0.3300369, 0.466515
248636.620446458, 000361, -1.1128726, -0.06608413, -1.7490191, 0.6234786, -0.5301022, -0.33334535, 0.46813127
248636.637114583, 000362, -1.1216903, -0.066083975, -1.7520387, 0.6212589, -0.528455, -0.3375204, 0.46994948
248636.653782625, 000363, -1.1298752, -0.06605924, -1.7552252, 0.6186296, -0.52646977, -0.34212428, 0.47231135
248636.67045075, 000364, -1.1380008, -0.065920144, -1.7584263, 0.6160426, -0.5241294, -0.34670135, 0.4749505
248636.687118833, 000365, -1.1462204, -0.06563505, -1.7615904, 0.6137286, -0.52157736, -0.350865, 0.47769028
248636.703787125, 000366, -1.1545393, -0.06518536, -1.7646915, 0.61138994, -0.51900554, -0.3547917, 0.48058146
248636.720455041, 000367, -1.1630148, -0.06457912, -1.7677189, 0.60873246, -0.51592594, -0.35914496, 0.4840249
248636.737123375, 000368, -1.1717259, -0.06386711, -1.7706852, 0.606522, -0.5123049, -0.36265534, 0.48801222
248636.753791125, 000369, -1.1819589, -0.0630504, -1.773206, 0.60591054, -0.50848234, -0.36436275, 0.4914856
248636.77045925, 000370, -1.1911861, -0.062178995, -1.7758151, 0.6057248, -0.50483036, -0.36554223, 0.4945933
248636.787127375, 000371, -1.1997762, -0.061231505, -1.7783426, 0.6047057, -0.50128305, -0.36783955, 0.4977351
248636.803795416, 000372, -1.2079003, -0.06022167, -1.780755, 0.6025894, -0.49769744, -0.3715071, 0.5011644
248636.8204635, 000373, -1.2157352, -0.059155356, -1.7830473, 0.6003134, -0.494074, -0.37556913, 0.5044429
248636.837131833, 000374, -1.2233747, -0.05803034, -1.7852094, 0.59833384, -0.4904897, -0.37934363, 0.50745916
248636.853799708, 000375, -1.2310535, -0.056461852, -1.7867368, 0.59643525, -0.48693955, -0.38330528, 0.51012915
248636.870467916, 000376, -1.2383453, -0.05508009, -1.7885052, 0.5943607, -0.48368376, -0.38762975, 0.5123754
248636.887135833, 000377, -1.2453835, -0.053736344, -1.7903073, 0.59218717, -0.48060393, -0.39213997, 0.5143545
248636.903803916, 000378, -1.2522398, -0.052419778, -1.7920797, 0.59000134, -0.47760367, -0.39660278, 0.5162359
248636.920472041, 000379, -1.2589352, -0.051155336, -1.7937928, 0.5878723, -0.4746256, -0.40090764, 0.5180829
248636.937140125, 000380, -1.2654525, -0.049968418, -1.7953985, 0.5857804, -0.47190985, -0.4050968, 0.519672
248636.953808208, 000381, -1.2722688, -0.04930086, -1.796594, 0.5837796, -0.46931672, -0.40927052, 0.5209999
248636.970476458, 000382, -1.2786534, -0.048459537, -1.7977796, 0.58186466, -0.46681938, -0.41324243, 0.5222489
248636.987144375, 000383, -1.2848554, -0.047626536, -1.7988299, 0.58009976, -0.46430808, -0.4168569, 0.5235768
248637.003812458, 000384, -1.2909489, -0.046851143, -1.7996972, 0.5785298, -0.46176255, -0.4200271, 0.5250293
248637.020480541, 000385, -1.2969359, -0.04613368, -1.8003514, 0.5770035, -0.45905927, -0.42293468, 0.5267426
248637.037148791, 000386, -1.3027967, -0.045467842, -1.8007679, 0.5753772, -0.45647198, -0.42578933, 0.5284675
248637.053816708, 000387, -1.3081013, -0.045619834, -1.7997943, 0.5740323, -0.4538987, -0.4284757, 0.52997303
248637.07048475, 000388, -1.3135353, -0.04527562, -1.7993115, 0.5729315, -0.45155093, -0.43111178, 0.5310309
248637.087152875, 000389, -1.3188804, -0.04479505, -1.7988642, 0.57165873, -0.44926962, -0.4338853, 0.5320776
248637.103821208, 000390, -1.3240736, -0.044295195, -1.7983512, 0.5698409, -0.44694847, -0.43692502, 0.533493
248637.120489041, 000391, -1.3291297, -0.04381468, -1.7977571, 0.5674929, -0.44475198, -0.4400152, 0.53528893
248637.137157083, 000392, -1.3351084, -0.0438258, -1.7966335, 0.5649196, -0.44264355, -0.44291043, 0.5373666
248637.153825208, 000393, -1.3403828, -0.043599196, -1.7956215, 0.5624571, -0.44068182, -0.4458336, 0.539142
248637.1704935, 000394, -1.3454292, -0.0433552, -1.7945081, 0.5602288, -0.43869883, -0.44873074, 0.54067343
248637.187161375, 000395, -1.3504144, -0.043154933, -1.7932703, 0.55811304, -0.43675575, -0.45156667, 0.54207176
248637.203829458, 000396, -1.3554159, -0.04302019, -1.7919255, 0.55601275, -0.4348498, -0.454192, 0.5435671
248637.220497625, 000397, -1.3604743, -0.042962063, -1.7904822, 0.5539148, -0.43282816, -0.45640948, 0.54546183
248637.237165833, 000398, -1.3655857, -0.04298119, -1.7889446, 0.55185544, -0.43083107, -0.45842138, 0.5474395
248637.253833666, 000399, -1.3718369, -0.042808507, -1.7872689, 0.5499199, -0.42890063, -0.46028036, 0.5493398
248637.270501916, 000400, -1.3773295, -0.042887487, -1.7854959, 0.54792094, -0.42693013, -0.4623227, 0.5511544
248637.287169875, 000401, -1.3825613, -0.0430992, -1.7836322, 0.54594743, -0.425042, -0.46450955, 0.55273104
248637.303838166, 000402, -1.3877141, -0.043393273, -1.781693, 0.5440465, -0.42330852, -0.4666539, 0.5541276
248637.320506041, 000403, -1.3928484, -0.04375742, -1.7796876, 0.54235506, -0.42159396, -0.46853378, 0.5555049
248637.337174208, 000404, -1.3979689, -0.04417206, -1.7776273, 0.540604, -0.42001194, -0.47052252, 0.5567279
248637.353842208, 000405, -1.4036278, -0.044157684, -1.7752961, 0.53871864, -0.41835734, -0.4725689, 0.5580662
248637.370510583, 000406, -1.4089687, -0.044510294, -1.7730861, 0.5368439, -0.41675657, -0.47448066, 0.5594469
248637.387178291, 000407, -1.4142598, -0.04500551, -1.7708775, 0.53528434, -0.4152735, -0.47603047, 0.56072575
248637.40384675, 000408, -1.4195629, -0.045568902, -1.7686261, 0.5340184, -0.41382244, -0.4773519, 0.56188107
248637.420514541, 000409, -1.4248503, -0.046169322, -1.7663292, 0.5326289, -0.41235998, -0.47876042, 0.56307554
248637.437182833, 000410, -1.4301047, -0.04677985, -1.7640126, 0.5312247, -0.41122574, -0.48039067, 0.56384254
248637.453850791, 000411, -1.4365355, -0.04747602, -1.7612649, 0.5298758, -0.41038594, -0.48190036, 0.5644351
248637.47051875, 000412, -1.4422361, -0.048123527, -1.7587698, 0.5287133, -0.40943077, -0.48327282, 0.5650452
248637.487186875, 000413, -1.4477106, -0.04873845, -1.756319, 0.52761054, -0.40844128, -0.48466536, 0.5655991
248637.503854958, 000414, -1.4530754, -0.049302213, -1.753841, 0.5264623, -0.40770212, -0.48624554, 0.5658459
248637.520523, 000415, -1.4583845, -0.049808893, -1.7513078, 0.52523124, -0.4072065, -0.48808768, 0.5657611
248637.537191375, 000416, -1.4637101, -0.05025882, -1.7487129, 0.5240789, -0.40679845, -0.4899725, 0.5654937
248637.55385925, 000417, -1.4684805, -0.050870784, -1.7458936, 0.5230224, -0.40629637, -0.49163622, 0.56538886
248637.57052725, 000418, -1.4738158, -0.051268183, -1.7431641, 0.52214664, -0.40560088, -0.49289864, 0.56559855
248637.587195416, 000419, -1.4793764, -0.05153793, -1.740462, 0.5211281, -0.4047245, -0.4940109, 0.5661949
248637.603863458, 000420, -1.4849873, -0.05169938, -1.7377594, 0.51961213, -0.40370983, -0.49550375, 0.56700766
248637.6205315, 000421, -1.4905783, -0.051748004, -1.7350258, 0.5179165, -0.40290907, -0.49744278, 0.56743056
248637.637199666, 000422, -1.4961439, -0.051663537, -1.7322452, 0.51669633, -0.40241545, -0.4995711, 0.56702316
248637.65386775, 000423, -1.501964, -0.051508892, -1.7290658, 0.51567864, -0.4021454, -0.50210154, 0.56590533
248637.670535916, 000424, -1.5076964, -0.051154606, -1.7261972, 0.514467, -0.40187526, -0.50477433, 0.56482106
248637.687203958, 000425, -1.5135897, -0.0506563, -1.7235285, 0.5132483, -0.40140238, -0.5069209, 0.5643434
248637.703871916, 000426, -1.5197847, -0.05004651, -1.7210056, 0.51232755, -0.40051538, -0.5079987, 0.56484073
248637.720540083, 000427, -1.526315, -0.049358264, -1.7185764, 0.51191294, -0.39923322, -0.50765383, 0.56643224
248637.737208083, 000428, -1.5330447, -0.04862153, -1.71615, 0.5121942, -0.39742085, -0.5063914, 0.5685784
248637.753876166, 000429, -1.5392486, -0.047736034, -1.7136143, 0.5123807, -0.39539513, -0.505639, 0.57048905
248637.77054425, 000430, -1.5455233, -0.04691234, -1.7109616, 0.5122903, -0.39374432, -0.5060664, 0.5713326
248637.78721225, 000431, -1.5516585, -0.046087548, -1.708198, 0.5121276, -0.3928201, -0.5074079, 0.57092476
248637.803880708, 000432, -1.5576967, -0.0452424, -1.7053896, 0.5122168, -0.3924448, -0.5088309, 0.5698351
248637.820548541, 000433, -1.5636976, -0.044375286, -1.7026185, 0.5121132, -0.39226258, -0.50989467, 0.56910264
248637.837216541, 000434, -1.5697049, -0.043498997, -1.699791, 0.5116285, -0.39186415, -0.5108265, 0.5689772
248637.853884666, 000435, -1.5757582, -0.042664085, -1.6966453, 0.51057094, -0.39120653, -0.51199436, 0.56933004
248637.870552791, 000436, -1.581397, -0.041792545, -1.6937863, 0.50902694, -0.39046654, -0.5134239, 0.5699329
248637.887220833, 000437, -1.5867294, -0.04093893, -1.6910019, 0.50717413, -0.3899281, -0.51507485, 0.57046324
248637.903888875, 000438, -1.591842, -0.040142175, -1.6882051, 0.50509757, -0.38935456, -0.5168888, 0.5710565
248637.920557, 000439, -1.5968506, -0.03942543, -1.6853396, 0.5027993, -0.3881607, -0.5187135, 0.57224154
248637.937225208, 000440, -1.6016759, -0.038751416, -1.6823027, 0.5005893, -0.3863451, -0.520307, 0.5739584
248637.95389325, 000441, -1.6060373, -0.038047984, -1.6789521, -0.49851903, 0.3844419, 0.52152044, -0.57593364
248637.97056125, 000442, -1.6105626, -0.03744118, -1.6757873, -0.49652684, 0.3825896, 0.52258277, -0.57792175
248637.987229291, 000443, -1.6149693, -0.03688573, -1.6726136, -0.49459603, 0.38051838, 0.5240842, -0.5795828
248638.003897375, 000444, -1.6191752, -0.036373902, -1.6694062, -0.49260816, 0.3782622, 0.5261817, -0.5808509
248638.020565416, 000445, -1.6232262, -0.03590724, -1.6662226, -0.4904625, 0.3759724, 0.5285569, -0.58199555
248638.037233625, 000446, -1.6272027, -0.035389695, -1.6629082, -0.4883509, 0.37363705, 0.530855, -0.5831824
248638.053901583, 000447, -1.6311157, -0.03469035, -1.6591911, -0.4863124, 0.37129337, 0.5330723, -0.5843589
248638.070569916, 000448, -1.6349982, -0.03429102, -1.6559926, -0.48428845, 0.36910665, 0.5352427, -0.5854401
248638.087237791, 000449, -1.638845, -0.0340271, -1.6529865, -0.48223704, 0.36710486, 0.5375743, -0.5862553
248638.103905875, 000450, -1.6427158, -0.033869594, -1.6500821, -0.48005554, 0.36495513, 0.5400167, -0.58714247
248638.120574, 000451, -1.6466876, -0.03381191, -1.647272, -0.47785437, 0.3625963, 0.54222804, -0.5883602
248638.137242041, 000452, -1.6507927, -0.033841245, -1.6445752, -0.47583866, 0.36031485, 0.54392415, -0.58982813
248638.153910041, 000453, -1.6564945, -0.033194803, -1.6404079, -0.47400704, 0.35815796, 0.54518944, -0.5914463
248638.170578416, 000454, -1.6613411, -0.03310715, -1.6373413, -0.4720653, 0.35590225, 0.54624027, -0.593388
248638.18724625, 000455, -1.6659415, -0.03325111, -1.6346864, -0.47006875, 0.35353434, 0.5472284, -0.59547436
248638.203914291, 000456, -1.6704705, -0.03350669, -1.6322306, -0.46797192, 0.35126516, 0.5482824, -0.5974959
248638.220582416, 000457, -1.6750005, -0.03384082, -1.6299157, -0.46577784, 0.34908977, 0.5493566, -0.5994955
248638.237250541, 000458, -1.6801095, -0.034179088, -1.6273493, -0.4634781, 0.34683123, 0.5503783, -0.6016475
248638.253918541, 000459, -1.6863014, -0.034458775, -1.6241583, -0.4611963, 0.34439072, 0.55134755, -0.60391146
248638.270586666, 000460, -1.6915927, -0.035066344, -1.6217302, -0.45902017, 0.34204793, 0.55219513, -0.6061224
248638.287254708, 000461, -1.6966555, -0.035893783, -1.6195627, -0.45688236, 0.3395815, 0.5532177, -0.6081883
248638.303923041, 000462, -1.7017103, -0.036898397, -1.6174835, -0.4548514, 0.3368889, 0.55446523, -0.6100691
248638.320590916, 000463, -1.7068462, -0.03804677, -1.6154554, -0.4530042, 0.33411983, 0.55579275, -0.61175615
248638.337258958, 000464, -1.712092, -0.03930748, -1.6134952, -0.45140094, 0.3314195, 0.55699646, -0.6133132
248638.353926958, 000465, -1.7199105, -0.040200323, -1.6093514, -0.4499745, 0.32865587, 0.5581486, -0.6147994
248638.370595125, 000466, -1.7262378, -0.041443948, -1.6067495, -0.44836256, 0.3258764, 0.55924255, -0.6164604
248638.387263208, 000467, -1.7321367, -0.042812344, -1.6047001, -0.4465213, 0.32294005, 0.5604135, -0.61827594
248638.403931416, 000468, -1.7379556, -0.044197, -1.6028519, -0.44456953, 0.31987566, 0.56162226, -0.62017566
248638.420599333, 000469, -1.7437971, -0.04553144, -1.6011039, -0.4427408, 0.3168004, 0.5627097, -0.6220738
248638.437267625, 000470, -1.7501743, -0.046845123, -1.5989224, -0.44089356, 0.3138482, 0.5635739, -0.6240967
248638.4539355, 000471, -1.7573284, -0.04814592, -1.5959443, -0.43867853, 0.31079727, 0.5645973, -0.6262555
248638.470603666, 000472, -1.7634828, -0.0492255, -1.5939158, -0.43574488, 0.30760223, 0.5660409, -0.6285738
248638.487271666, 000473, -1.7692341, -0.050124425, -1.5921693, -0.43194935, 0.3042319, 0.5681272, -0.63094705
248638.50393975, 000474, -1.7748339, -0.050851025, -1.5904425, -0.42798445, 0.30068925, 0.57041496, -0.63327885
248638.52060775, 000475, -1.7803913, -0.051405285, -1.588639, -0.4242742, 0.29687023, 0.5726719, -0.6355363
248638.537276083, 000476, -1.7861345, -0.05180382, -1.5863488, -0.42060852, 0.29276592, 0.57486874, -0.6378892
248638.553943916, 000477, -1.7921239, -0.052040156, -1.5833352, -0.41664127, 0.28826535, 0.57730055, -0.64034146
248638.57061225, 000478, -1.7976806, -0.05211109, -1.5808346, -0.412779, 0.2835727, 0.57974666, -0.6427238
248638.587280083, 000479, -1.8029847, -0.05205779, -1.5784324, -0.40958968, 0.2791478, 0.5820606, -0.644607
248638.603948166, 000480, -1.808034, -0.051899996, -1.5760391, -0.4067033, 0.27506706, 0.584585, -0.64590317
248638.62061625, 000481, -1.8128269, -0.05165688, -1.5736583, -0.40359023, 0.27122092, 0.58750933, -0.6468283
248638.637284416, 000482, -1.8175727, -0.051037323, -1.5709449, -0.40015277, 0.26738125, 0.5905913, -0.6477553
248638.653952416, 000483, -1.8223419, -0.04994138, -1.5677006, -0.39659116, 0.2633396, 0.5937361, -0.6487258
248638.670620791, 000484, -1.8267018, -0.04936168, -1.5649843, -0.39314482, 0.25916317, 0.59674954, -0.6497396
248638.687288666, 000485, -1.8308307, -0.04895917, -1.5624567, -0.38970885, 0.25513852, 0.59963155, -0.6507484
248638.703956708, 000486, -1.8347998, -0.048636813, -1.5600358, -0.3860913, 0.2513792, 0.60226023, -0.65193915
248638.720624791, 000487, -1.838652, -0.048372142, -1.5576462, -0.3821112, 0.24753433, 0.6047042, -0.65349114
248638.737292916, 000488, -1.8423715, -0.048173282, -1.5552126, -0.37837136, 0.24338087, 0.60685015, -0.65523577
248638.753960875, 000489, -1.8462954, -0.047852565, -1.5517414, -0.37505817, 0.23906942, 0.60888857, -0.65683484
248638.770628958, 000490, -1.8497533, -0.047726426, -1.5487994, -0.37195793, 0.23490354, 0.6108019, -0.6583227
248638.787297041, 000491, -1.852912, -0.047719955, -1.5459788, -0.368951, 0.23075996, 0.6126934, -0.65972096
248638.803965291, 000492, -1.8558352, -0.047810778, -1.5431522, -0.365935, 0.22649908, 0.61453813, -0.66116
248638.820633125, 000493, -1.8585624, -0.0479995, -1.5402927, -0.3626897, 0.22193828, 0.6163877, -0.6627714
248638.837301166, 000494, -1.861383, -0.048332084, -1.5370209, -0.35955226, 0.21711773, 0.6181648, -0.6644203
248638.85396925, 000495, -1.8642879, -0.04878637, -1.533289, -0.3567286, 0.21243297, 0.61995107, -0.665791
248638.870637666, 000496, -1.8665845, -0.049235303, -1.5300667, -0.354143, 0.20831364, 0.6217861, -0.666761
248638.8873055, 000497, -1.8685576, -0.049704507, -1.5270346, -0.35149664, 0.20453921, 0.62369525, -0.6675462
248638.903973583, 000498, -1.8703386, -0.050206378, -1.5240715, -0.34873646, 0.20055918, 0.6256035, -0.66841537
248638.920641666, 000499, -1.8719845, -0.0507359, -1.5211427, -0.34597522, 0.19630466, 0.62743396, -0.6693969
248638.937309875, 000500, -1.8738185, -0.051417187, -1.5179592, -0.3433198, 0.19213499, 0.6290979, -0.6704114
248638.953977833, 000501, -1.875837, -0.05222226, -1.5145341, -0.3407112, 0.18824436, 0.6305972, -0.67143655
248638.970646125, 000502, -1.8773475, -0.05281874, -1.5115978, -0.33817765, 0.18459414, 0.63196766, -0.67244166
248638.987313875, 000503, -1.8786229, -0.053330608, -1.5088719, -0.33581758, 0.18108337, 0.63328016, -0.6733436
248639.003982166, 000504, -1.8797566, -0.053792387, -1.5062762, -0.3332918, 0.17753099, 0.634619, -0.6742834
248639.020650083, 000505, -1.8815507, -0.054374084, -1.502904, -0.33042672, 0.17387451, 0.6360837, -0.6752653
248639.037318166, 000506, -1.8827806, -0.054828025, -1.5001503, -0.3275593, 0.17032242, 0.63742864, -0.6762986
248639.053986166, 000507, -1.8838115, -0.05522236, -1.4975914, -0.3250385, 0.1671844, 0.6386545, -0.6771409
248639.070654458, 000508, -1.8847791, -0.05558108, -1.4950798, -0.32277012, 0.16421865, 0.6397973, -0.67787254
248639.087322333, 000509, -1.8857514, -0.055920217, -1.4925747, -0.32053027, 0.16107436, 0.64080364, -0.67873865
248639.10399075, 000510, -1.8867434, -0.05624054, -1.4900532, -0.3182584, 0.1576928, 0.64163893, -0.6798118
248639.1206585, 000511, -1.8877143, -0.056546714, -1.487494, -0.3159036, 0.15425763, 0.64252687, -0.6808588
248639.137326875, 000512, -1.8888394, -0.057011325, -1.4845339, -0.31364772, 0.15099674, 0.6435823, -0.68163544
248639.153994666, 000513, -1.8900403, -0.057627443, -1.4812216, -0.3113671, 0.14788625, 0.6449052, -0.68211246
248639.170662666, 000514, -1.8908672, -0.058048505, -1.4783132, -0.3089746, 0.1451194, 0.64638937, -0.68238974
248639.187330791, 000515, -1.8915292, -0.05841851, -1.4755139, -0.30659866, 0.14259358, 0.647832, -0.6826258
248639.203998833, 000516, -1.89209, -0.058796782, -1.4727006, -0.30419382, 0.13991517, 0.6492312, -0.68292654
248639.220666875, 000517, -1.8924137, -0.05983034, -1.4692135, -0.3017507, 0.13719442, 0.65064675, -0.6832152
248639.237335208, 000518, -1.8927159, -0.0604742, -1.4660467, -0.29946718, 0.13446979, 0.65183836, -0.6836256
248639.254003125, 000519, -1.892963, -0.061004777, -1.462902, -0.29757905, 0.13170269, 0.65272385, -0.68414384
248639.27067125, 000520, -1.8931189, -0.061490636, -1.4597254, -0.29635423, 0.12916121, 0.653214, -0.68469197
248639.28733925, 000521, -1.8931161, -0.061929423, -1.4565706, -0.29544795, 0.12693745, 0.65350854, -0.6852183
248639.304007291, 000522, -1.892916, -0.062333625, -1.4534836, -0.29418916, 0.124584556, 0.6538109, -0.6859028
248639.320675333, 000523, -1.892337, -0.062706955, -1.4499787, -0.2921913, 0.1218212, 0.65430325, -0.68678325
248639.3373435, 000524, -1.8916591, -0.06304798, -1.4469117, -0.28956354, 0.118669376, 0.654779, -0.6879935
248639.354011541, 000525, -1.8908032, -0.063357025, -1.4440515, -0.2866255, 0.11588325, 0.65533257, -0.68917066
248639.370679833, 000526, -1.8897159, -0.06362596, -1.4412563, -0.28370258, 0.1135698, 0.65620625, -0.68993336
248639.387347666, 000527, -1.8883824, -0.06383835, -1.4384876, -0.28105545, 0.111764446, 0.65750235, -0.69007766
248639.404015708, 000528, -1.886834, -0.06395147, -1.4358108, -0.27854198, 0.110678636, 0.6590817, -0.6897651
248639.420683916, 000529, -1.8851398, -0.06394485, -1.4332834, -0.27533248, 0.11007289, 0.6609492, -0.6893636
248639.437351833, 000530, -1.8833541, -0.06389425, -1.4305435, -0.27120066, 0.108881, 0.6626322, -0.6895751
248639.454019958, 000531, -1.8815821, -0.063840196, -1.4274617, -0.26814184, 0.10686098, 0.6634086, -0.69034034
248639.470688083, 000532, -1.8798914, -0.063661925, -1.4245079, -0.2666081, 0.10429401, 0.66352224, -0.69121706
248639.487356041, 000533, -1.8780813, -0.063356325, -1.4216881, -0.2647834, 0.102149665, 0.66382384, -0.69194865
248639.504024458, 000534, -1.876095, -0.06295299, -1.4189883, -0.26193208, 0.10036047, 0.66465396, -0.6924987
248639.520692208, 000535, -1.8740219, -0.062508896, -1.4162788, -0.25883225, 0.09818971, 0.66572976, -0.692942
248639.53736025, 000536, -1.8716897, -0.062034767, -1.4136841, -0.25611424, 0.095829, 0.6666504, -0.6933971
248639.554028458, 000537, -1.8691647, -0.06150278, -1.4112396, -0.25327468, 0.09398728, 0.66767323, -0.69370806
248639.5706965, 000538, -1.8668721, -0.060917873, -1.4087182, -0.25014123, 0.09278369, 0.6691098, -0.69362277
248639.587364583, 000539, -1.8646505, -0.06032401, -1.4061868, -0.24738842, 0.09204389, 0.670869, -0.693009
248639.604032583, 000540, -1.8625257, -0.059753645, -1.4036497, -0.24533093, 0.09128655, 0.67268103, -0.69208366
248639.620700625, 000541, -1.860558, -0.059210647, -1.4011691, -0.24398096, 0.09029212, 0.67425394, -0.69116
248639.637369, 000542, -1.8586544, -0.058673915, -1.3989562, -0.24289979, 0.0891014, 0.6753836, -0.6905923
248639.654036916, 000543, -1.8568032, -0.058149774, -1.3970563, -0.24148059, 0.08808645, 0.6763248, -0.690299
248639.670704958, 000544, -1.8551867, -0.05765911, -1.3952802, -0.23962565, 0.08736755, 0.6773682, -0.69001365
248639.687373, 000545, -1.853706, -0.057234738, -1.393623, -0.2378109, 0.08700514, 0.6785514, -0.6895245
248639.704041041, 000546, -1.852382, -0.056910504, -1.3920449, -0.2361957, 0.08676927, 0.6796715, -0.6890061
248639.720709083, 000547, -1.8509727, -0.056810167, -1.3888261, -0.23509024, 0.08712547, 0.680424, -0.68859637
248639.737377125, 000548, -1.8498718, -0.05671924, -1.3868214, -0.23399274, 0.08763564, 0.6808092, -0.6885246
248639.75404525, 000549, -1.8488904, -0.056692857, -1.3853049, -0.2328803, 0.08864527, 0.68107045, -0.68851423
248639.770713583, 000550, -1.847977, -0.05680907, -1.3839382, -0.2303233, 0.088933416, 0.68159884, -0.6888141
248639.7873815, 000551, -1.847139, -0.05707554, -1.3825048, -0.22887398, 0.08820563, 0.6820994, -0.68889534
248639.804049458, 000552, -1.8462919, -0.05731271, -1.380912, -0.22887112, 0.086905755, 0.6827987, -0.6883686
248639.820717541, 000553, -1.8455832, -0.05760472, -1.3793217, -0.2294121, 0.08498045, 0.6831538, -0.6880765
248639.837385666, 000554, -1.8449228, -0.058154162, -1.3766382, -0.22978023, 0.082192935, 0.6829713, -0.6884734
248639.854053625, 000555, -1.8442744, -0.058871318, -1.373143, -0.22965766, 0.07937649, 0.6823075, -0.68950206
248639.870722, 000556, -1.8439798, -0.059376795, -1.3713044, -0.22860996, 0.07670459, 0.68148303, -0.6909666
248639.887389791, 000557, -1.8438417, -0.05985712, -1.3700705, -0.22725703, 0.074354075, 0.6809668, -0.69217765
248639.904058, 000558, -1.8437481, -0.06034938, -1.3690488, -0.2265444, 0.072913446, 0.6810134, -0.69251865
248639.920725958, 000559, -1.8436834, -0.060851257, -1.3680819, -0.22675768, 0.07242923, 0.6814561, -0.6920639
248639.937394041, 000560, -1.8435478, -0.061265457, -1.3663582, -0.22747266, 0.07186681, 0.6820318, -0.6913204
248639.954062166, 000561, -1.8433784, -0.061580185, -1.3639965, -0.22917074, 0.07142307, 0.6823614, -0.6904798
248639.970730166, 000562, -1.8435313, -0.062050898, -1.3625219, -0.23148772, 0.0709313, 0.6820822, -0.6900333
248639.987398166, 000563, -1.8438187, -0.06256644, -1.3613619, -0.23405944, 0.07035519, 0.6813814, -0.68991715
248640.004066541, 000564, -1.8441379, -0.06309948, -1.3603716, -0.23641333, 0.06971331, 0.6805567, -0.6899937
248640.020734458, 000565, -1.8444333, -0.06363604, -1.3595335, -0.23826908, 0.069337666, 0.6799997, -0.6899424
248640.0374025, 000566, -1.8446993, -0.0641598, -1.3588516, -0.23964979, 0.06934892, 0.6796587, -0.6897991
248640.054070458, 000567, -1.8449308, -0.064242624, -1.3560328, -0.24087279, 0.07010715, 0.6795122, -0.6894407
248640.070738583, 000568, -1.8451109, -0.06454133, -1.354898, -0.24168219, 0.07156014, 0.6793688, -0.68914944
248640.087406625, 000569, -1.8452677, -0.06489145, -1.3543665, -0.24215999, 0.07324013, 0.6792158, -0.6889559
248640.104074958, 000570, -1.8454195, -0.06524511, -1.3540511, -0.24240048, 0.07469097, 0.6791037, -0.68882614
248640.120742833, 000571, -1.8455837, -0.06559302, -1.3537973, -0.24258856, 0.07552133, 0.6789182, -0.6888523
248640.137411125, 000572, -1.8450403, -0.06529935, -1.353668, -0.24303909, 0.076150715, 0.6786899, -0.6888491
248640.154079, 000573, -1.8449765, -0.065379284, -1.3534665, -0.24322541, 0.07625307, 0.67846364, -0.6889948
248640.170746958, 000574, -1.8450981, -0.06557035, -1.3532279, -0.24326235, 0.07604008, 0.67840034, -0.6890677
248640.187415083, 000575, -1.8452957, -0.0657945, -1.3529513, -0.2436819, 0.076136984, 0.67847747, -0.6888329
248640.204083166, 000576, -1.8455158, -0.06604938, -1.3526149, -0.24416463, 0.07692317, 0.67862505, -0.688429
248640.220751166, 000577, -1.8457104, -0.06631904, -1.3522412, -0.2452373, 0.07886555, 0.6786491, -0.687804
248640.237419583, 000578, -1.8458942, -0.06649856, -1.3516971, -0.2472144, 0.08063556, 0.67862004, -0.68691903
248640.254087333, 000579, -1.8461404, -0.0666076, -1.3510008, -0.24939716, 0.08108142, 0.6781023, -0.68658864
